,mut_heavy_chain_seq,binding_score,dg
0,EVQLVESGGGLVQPGGSLRLSCAASGFTFSQYTMSWVRQAPGKGLEWVATISGGGHTYYLDSVKGRFTISRDNSKNTLYLQMNSLRAEDTAVYYCTRGFGDGGYFDVWGQGTLVTVSS,9.113509274827518,14.7728
1,EVQLVESGGGLVQPGGSLRLSCAASGFTFSRYTMQWVRQAPGKGLEWVATISGGGHTYYLDSVKGRFTISRDNSKNTLYLQMNSLRAEDTAVYYCTRGFGDGGYFDVWGQGTLVTVSS,10.154901959985745,13.2284
2,EVQLVESGGGLVQPGGSLRLSCAASGFTFSRYTMSWVRQAPGKGLEWVAVISGGGHTYYLDSVKGRFTISRDNSKNTLYLQMNSLRAEDTAVYYCTRGFGDGGYFDVWGQGTLVTVSS,8.154901959985743,4.76314
3,EVQLVESGGGLVQPGGSLRLSCAASGFTFSRYTMSWVRQAPGKGLEWVATISGGGHTYELDSVKGRFTISRDNSKNTLYLQMNSLRAEDTAVYYCTRGFGDGGYFDVWGQGTLVTVSS,8.55284196865778,14.2903
4,EVQLVESGGGLVQPGGSLRLSCAASGFTFSRYTMSWVRQAPGKGLEWVATISGGGHTYYDDSVKGRFTISRDNSKNTLYLQMNSLRAEDTAVYYCTRGFGDGGYFDVWGQGTLVTVSS,8.154901959985743,14.2812
5,EVQLVESGGGLVQPGGSLRLSCAASGFTFSRYTMSWVRQAPGKGLEWVATISGGGHTYYLDSVEGRFTISRDNSKNTLYLQMNSLRAEDTAVYYCTRGFGDGGYFDVWGQGTLVTVSS,8.154901959985743,13.67
6,EVQLVESGGGLVQPGGSLRLSCAASGFTFSRYTMSWVRQAPGKGLEWVATISGGGHTYYLDSVQGRFTISRDNSKNTLYLQMNSLRAEDTAVYYCTRGFGDGGYFDVWGQGTLVTVSS,8.154901959985743,14.2176
7,EVQLVESGGGLVQPGGSLRLSCAASGFTFSRYTMSWVRQAPGKGLEWVATISGGGHTYYLDSVDGRFTISRDNSKNTLYLQMNSLRAEDTAVYYCTRGFGDGGYFDVWGQGTLVTVSS,7.993533957750769,13.6781
8,EVQLVESGGGLVQPGGSLRLSCAASGFTFSRYTMSWVRQAPGKGLEWVATISGGGHTYYLDSVNGRFTISRDNSKNTLYLQMNSLRAEDTAVYYCTRGFGDGGYFDVWGQGTLVTVSS,8.154901959985743,14.2729
9,EVQLVESGGGLVQPGGSLRLSCAASGFTFSRYTMSWVRQAPGKGLEWVATIMGGGHTYYLDSVKGRFTISRDNSKNTLYLQMNSLRAEDTAVYYCTRGFGDGGYFDVWGQGTLVTVSS,9.67778070526608,9.03308
10,EVQLVESGGGLVQPGGSLRLSCAASGFTFSRYTMSWVRQAPGKGLEWVATISSGGHTYYLDSVKGRFTISRDNSKNTLYLQMNSLRAEDTAVYYCTRGFGDGGYFDVWGQGTLVTVSS,8.649751981665837,15.4271
11,EVQLVESGGGLVQPGGSLRLSCAASGFTFSRYTMSWVRQAPGKGLEWVATISAGGHTYYLDSVKGRFTISRDNSKNTLYLQMNSLRAEDTAVYYCTRGFGDGGYFDVWGQGTLVTVSS,8.531652669587842,14.5665
12,EVQLVESGGGLVQPGGSLRLSCAASGFTFSRYTMSWVRQAPGKGLEWVATISGIGHTYYLDSVKGRFTISRDNSKNTLYLQMNSLRAEDTAVYYCTRGFGDGGYFDVWGQGTLVTVSS,9.154901959985745,12.349
13,EVQLVESGGGLVQPGGSLRLSCAASGFTFSRYTMSWVRQAPGKGLEWVATISGTGHTYYLDSVKGRFTISRDNSKNTLYLQMNSLRAEDTAVYYCTRGFGDGGYFDVWGQGTLVTVSS,9.008773924307503,13.2259
14,EVQLVESGGGLVQPGGSLRLSCAASGFTFSRYTMSWVRQAPGKGLEWVATISGGGHTQYLDSVKGRFTISRDNSKNTLYLQMNSLRAEDTAVYYCTRGFGDGGYFDVWGQGTLVTVSS,9.67778070526608,10.9218
15,EVQLVESGGGLVQPGGSLRLSCAASGFTFSRYTMSWVRQAPGKGLEWVATISGGGHTEYLDSVKGRFTISRDNSKNTLYLQMNSLRAEDTAVYYCTRGFGDGGYFDVWGQGTLVTVSS,9.67778070526608,10.8163
16,EVQLVESGGGLVQPGGSLRLSCAASGFTFSRYTMSWVRQAPGKGLEWVATISGGGHTWYLDSVKGRFTISRDNSKNTLYLQMNSLRAEDTAVYYCTRGFGDGGYFDVWGQGTLVTVSS,8.756961951313706,6.40267
17,EVQLVESGGGLVQPGGSLRLSCAASGFTFSRYTMSWVRQAPGKGLEWVATISGGGHTYYLDSVKGRFTISRDNSKNTLYLQMNSLRAEDTAVYYCTRGFMDGGYFDVWGQGTLVTVSS,8.230622673923861,9.40738
18,EVQLVESGGGLVQPGGSLRLSCAASGFTFSRYVMSWVRQAPGKGLEWVATISGGGHTYYLDSVKGRFTISRDNSKNTLYLQMNSLRAEDTAVYYCTRGFGDGGYFDVWGQGTLVTVSS,8.473660722610155,10.0099
19,EVQLVESGGGLVQPGGSLRLSCAASGFTFSRYNMSWVRQAPGKGLEWVATISGGGHTYYLDSVKGRFTISRDNSKNTLYLQMNSLRAEDTAVYYCTRGFGDGGYFDVWGQGTLVTVSS,10.154901959985745,10.114
20,EVQLVESGGGLVQPGGSLRLSCAASGFTFSRYTMAWVRQAPGKGLEWVATISGGGHTYYLDSVKGRFTISRDNSKNTLYLQMNSLRAEDTAVYYCTRGFGDGGYFDVWGQGTLVTVSS,9.309803919971486,14.26
21,EVQLVESGGGLVQPGGSLRLSCAASGFTFSRYTMSWVRQAPGKGLEWVATISGGGHTYYLDSVKGRFTISRDNSKNTLYLQMNSLRAEDTAVYYCTRGWGDGGYFDVWGQGTLVTVSS,8.154901959985743,13.8213
22,EVQLVESGGGLVQPGGSLRLSCAASGFTFSRYTMSWVRQAPGKGLEWVATISGGGHTYYLDSVKGRFTISRDNSKNTLYLQMNSLRAEDTAVYYCTRGYGDGGYFDVWGQGTLVTVSS,8.707743928643524,14.4329
23,EVQLVESGGGLVQPGGSLRLSCAASGFTFSRYTMSWVRQAPGKGLEWVATISGGGHTYYLDSVKGRFTISRDNSKNTLYLQMNSLRAEDTAVYYCTRGFLDGGYFDVWGQGTLVTVSS,10.154901959985745,9.76548
24,EVQLVESGGGLVQPGGSLRLSCAASGFTFSRYTMSWVRQAPGKGLEWVATISGGGHTYYLDSVKGRFTISRDNSKNTLYLQMNSLRAEDTAVYYCTRGFFDGGYFDVWGQGTLVTVSS,8.303643611266669,9.51129
25,EVQLVESGGGLVQPGGSLRLSCAASGFTFSRYTMSWVRQAPGKGLEWVATISGGGHTYYLDSVKGRFTISRDNSKNTLYLQMNSLRAEDTAVYYCTRGFSDGGYFDVWGQGTLVTVSS,8.563837352959244,13.8802
26,EVQLVESGGGLVQPGGSLRLSCAASGFTFSRYTMVWVRQAPGKGLEWVAVISGGGHTYYLDSVKGRFTISRDNSKNTLYLQMNSLRAEDTAVYYCTRGFGDGGYFDVWGQGTLVTVSS,10.154901959985745,11.414
27,EVQLVESGGGLVQPGGSLRLSCAASGFTFSRYTMAWVRQAPGKGLEWVAVISGGGHTYYLDSVKGRFTISRDNSKNTLYLQMNSLRAEDTAVYYCTRGFGDGGYFDVWGQGTLVTVSS,9.67778070526608,11.2896
28,EVQLVESGGGLVQPGGSLRLSCAASGFTFSRYTMAWVRQAPGKGLEWVATISGGGHTYYLDSVKGRFTISRDNSKNTLYLQMNSLRAEDTAVYYCTRGFGDSGYFDVWGQGTLVTVSS,9.309803919971486,13.9494
29,EVQLVESGGGLVQPGGSLRLSCAASGFTFSRYTMVWVRQAPGKGLEWVATISGGGHTYYLDSVKGRFTISRDNSKNTLYLQMNSLRAEDTAVYYCTRGFGDSGYFDVWGQGTLVTVSS,9.200659450546418,12.1086
30,EVQLVESGGGLVQPGGSLRLSCAASGFTFSRYTMSWVRQAPGKGLEWVAVISGGGHTYYLDSVKGRFTISRDNSKNTLYLQMNSLRAEDTAVYYCTRGFGDSGYFDVWGQGTLVTVSS,9.3767507096021,7.88984
31,EVQLVESGGGLVQPGGSLRLSCAASGFTFSRYTMSWVRQAPGKGLEWVATISNGGHTYYLDSVKGRFTISRDNSKNTLYLQMNSLRAEDTAVYYCTRGFGDGGYFDVWGQGTLVTVSS,9.075720713938118,13.8843
32,EVQLVESGGGLVQPGGSLRLSCAASGFTFSRYTMSWVRQAPGKGLEWVATISGYGHTYYLDSVKGRFTISRDNSKNTLYLQMNSLRAEDTAVYYCTRGFGDGGYFDVWGQGTLVTVSS,8.154901959985743,12.4759
33,EVQLVESGGGLVQPGGSLRLSCAASGFTFSRYTMSWVRQAPGKGLEWVATISGGGHTYYLDSVKGRFTISRDNSKNTLYLQMNSLRAEDTAVYYCTRGWGDGGYFDVWGQGTLVTVSS,8.154901959985743,13.8213
34,EVQLVESGGGLVQPGGSLRLSCAASGFTFSRYTMSWVRQAPGKGLEWVATISGGGHTYYLDSVKGRFTISRDNSKNTLYLQMNSLRAEDTAVYYCTRGYGDGGYFDVWGQGTLVTVSS,8.707743928643524,14.4329
35,EVQLVESGGGLVQPGGSLRLSCAASGFTFSRYEMSWVRQAPGKGLEWVATISQGGHTYYLDSVKGRFTISRDNSKNTLYLQMNSLRAEDTAVYYCTRGFGDGGYFDVWGQGTLVTVSS,9.3767507096021,12.7028
36,EVQLVESGGGLVQPGGSLRLSCAASGFTFSRYIMSWVRQAPGKGLEWVATITNNGHTYYLDSVKGRFTISRDNSKNTLYLQMNSLRAEDTAVYYCTRGFGDGGYFDVWGQGTLVTVSS,9.55284196865778,8.70224
37,EVQLVESGGGLVQPGGSLRLSCAASGFTFSRYIMSWVRQAPGKGLEWVATITQFGHTYYLDSVKGRFTISRDNSKNTLYLQMNSLRAEDTAVYYCTRGFGDGGYFDVWGQGTLVTVSS,9.075720713938118,9.44734
38,EVQLVESGGGLVQPGGSLRLSCAASGFTFSRYTMSWVRQAPGKGLEWVAVISGGGHTYYLDSVEGRFTISRDNSKNTLYLQMNSLRAEDTAVYYCTRGFGDGGYFDVWGQGTLVTVSS,8.154901959985743,3.85319
