mut_heavy_chain_seq,binding_score,log-likelihood
EVQLVESGGGLVQPGGSLRLSCAASGFTFSQYTMSWVRQAPGKGLEWVATISGGGHTYYLDSVKGRFTISRDNSKNTLYLQMNSLRAEDTAVYYCTRGFGDGGYFDVWGQGTLVTVSS,9.113509274827518,-1.1752302646636963
EVQLVESGGGLVQPGGSLRLSCAASGFTFSRYTMQWVRQAPGKGLEWVATISGGGHTYYLDSVKGRFTISRDNSKNTLYLQMNSLRAEDTAVYYCTRGFGDGGYFDVWGQGTLVTVSS,10.154901959985745,-1.1776361465454102
EVQLVESGGGLVQPGGSLRLSCAASGFTFSRYTMSWVRQAPGKGLEWVAVISGGGHTYYLDSVKGRFTISRDNSKNTLYLQMNSLRAEDTAVYYCTRGFGDGGYFDVWGQGTLVTVSS,8.154901959985743,-1.1720407009124756
EVQLVESGGGLVQPGGSLRLSCAASGFTFSRYTMSWVRQAPGKGLEWVATISGGGHTYELDSVKGRFTISRDNSKNTLYLQMNSLRAEDTAVYYCTRGFGDGGYFDVWGQGTLVTVSS,8.55284196865778,-1.1873432397842407
EVQLVESGGGLVQPGGSLRLSCAASGFTFSRYTMSWVRQAPGKGLEWVATISGGGHTYYDDSVKGRFTISRDNSKNTLYLQMNSLRAEDTAVYYCTRGFGDGGYFDVWGQGTLVTVSS,8.154901959985743,-1.1701844930648804
EVQLVESGGGLVQPGGSLRLSCAASGFTFSRYTMSWVRQAPGKGLEWVATISGGGHTYYLDSVEGRFTISRDNSKNTLYLQMNSLRAEDTAVYYCTRGFGDGGYFDVWGQGTLVTVSS,8.154901959985743,-1.1845049858093262
EVQLVESGGGLVQPGGSLRLSCAASGFTFSRYTMSWVRQAPGKGLEWVATISGGGHTYYLDSVQGRFTISRDNSKNTLYLQMNSLRAEDTAVYYCTRGFGDGGYFDVWGQGTLVTVSS,8.154901959985743,-1.1821964979171753
EVQLVESGGGLVQPGGSLRLSCAASGFTFSRYTMSWVRQAPGKGLEWVATISGGGHTYYLDSVDGRFTISRDNSKNTLYLQMNSLRAEDTAVYYCTRGFGDGGYFDVWGQGTLVTVSS,7.993533957750769,-1.1938632726669312
EVQLVESGGGLVQPGGSLRLSCAASGFTFSRYTMSWVRQAPGKGLEWVATISGGGHTYYLDSVNGRFTISRDNSKNTLYLQMNSLRAEDTAVYYCTRGFGDGGYFDVWGQGTLVTVSS,8.154901959985743,-1.1839886903762817
EVQLVESGGGLVQPGGSLRLSCAASGFTFSRYTMSWVRQAPGKGLEWVATIMGGGHTYYLDSVKGRFTISRDNSKNTLYLQMNSLRAEDTAVYYCTRGFGDGGYFDVWGQGTLVTVSS,9.67778070526608,-1.188774824142456
EVQLVESGGGLVQPGGSLRLSCAASGFTFSRYTMSWVRQAPGKGLEWVATISSGGHTYYLDSVKGRFTISRDNSKNTLYLQMNSLRAEDTAVYYCTRGFGDGGYFDVWGQGTLVTVSS,8.649751981665837,-1.1650539636611938
EVQLVESGGGLVQPGGSLRLSCAASGFTFSRYTMSWVRQAPGKGLEWVATISAGGHTYYLDSVKGRFTISRDNSKNTLYLQMNSLRAEDTAVYYCTRGFGDGGYFDVWGQGTLVTVSS,8.531652669587842,-1.170723557472229
EVQLVESGGGLVQPGGSLRLSCAASGFTFSRYTMSWVRQAPGKGLEWVATISGIGHTYYLDSVKGRFTISRDNSKNTLYLQMNSLRAEDTAVYYCTRGFGDGGYFDVWGQGTLVTVSS,9.154901959985745,-1.189767837524414
EVQLVESGGGLVQPGGSLRLSCAASGFTFSRYTMSWVRQAPGKGLEWVATISGTGHTYYLDSVKGRFTISRDNSKNTLYLQMNSLRAEDTAVYYCTRGFGDGGYFDVWGQGTLVTVSS,9.008773924307503,-1.1797513961791992
EVQLVESGGGLVQPGGSLRLSCAASGFTFSRYTMSWVRQAPGKGLEWVATISGGGHTQYLDSVKGRFTISRDNSKNTLYLQMNSLRAEDTAVYYCTRGFGDGGYFDVWGQGTLVTVSS,9.67778070526608,-1.184793472290039
EVQLVESGGGLVQPGGSLRLSCAASGFTFSRYTMSWVRQAPGKGLEWVATISGGGHTEYLDSVKGRFTISRDNSKNTLYLQMNSLRAEDTAVYYCTRGFGDGGYFDVWGQGTLVTVSS,9.67778070526608,-1.1860311031341553
EVQLVESGGGLVQPGGSLRLSCAASGFTFSRYTMSWVRQAPGKGLEWVATISGGGHTWYLDSVKGRFTISRDNSKNTLYLQMNSLRAEDTAVYYCTRGFGDGGYFDVWGQGTLVTVSS,8.756961951313706,-1.1871124505996704
EVQLVESGGGLVQPGGSLRLSCAASGFTFSRYTMSWVRQAPGKGLEWVATISGGGHTYYLDSVKGRFTISRDNSKNTLYLQMNSLRAEDTAVYYCTRGFMDGGYFDVWGQGTLVTVSS,8.230622673923861,-1.1779025793075562
EVQLVESGGGLVQPGGSLRLSCAASGFTFSRYVMSWVRQAPGKGLEWVATISGGGHTYYLDSVKGRFTISRDNSKNTLYLQMNSLRAEDTAVYYCTRGFGDGGYFDVWGQGTLVTVSS,8.473660722610155,-1.1706160306930542
EVQLVESGGGLVQPGGSLRLSCAASGFTFSRYNMSWVRQAPGKGLEWVATISGGGHTYYLDSVKGRFTISRDNSKNTLYLQMNSLRAEDTAVYYCTRGFGDGGYFDVWGQGTLVTVSS,10.154901959985745,-1.1723582744598389
EVQLVESGGGLVQPGGSLRLSCAASGFTFSRYTMAWVRQAPGKGLEWVATISGGGHTYYLDSVKGRFTISRDNSKNTLYLQMNSLRAEDTAVYYCTRGFGDGGYFDVWGQGTLVTVSS,9.309803919971486,-1.174691915512085
EVQLVESGGGLVQPGGSLRLSCAASGFTFSRYTMSWVRQAPGKGLEWVATISGGGHTYYLDSVKGRFTISRDNSKNTLYLQMNSLRAEDTAVYYCTRGWGDGGYFDVWGQGTLVTVSS,8.154901959985743,-1.1750290393829346
EVQLVESGGGLVQPGGSLRLSCAASGFTFSRYTMSWVRQAPGKGLEWVATISGGGHTYYLDSVKGRFTISRDNSKNTLYLQMNSLRAEDTAVYYCTRGYGDGGYFDVWGQGTLVTVSS,8.707743928643524,-1.1710582971572876
EVQLVESGGGLVQPGGSLRLSCAASGFTFSRYTMSWVRQAPGKGLEWVATISGGGHTYYLDSVKGRFTISRDNSKNTLYLQMNSLRAEDTAVYYCTRGFLDGGYFDVWGQGTLVTVSS,10.154901959985745,-1.1764304637908936
EVQLVESGGGLVQPGGSLRLSCAASGFTFSRYTMSWVRQAPGKGLEWVATISGGGHTYYLDSVKGRFTISRDNSKNTLYLQMNSLRAEDTAVYYCTRGFFDGGYFDVWGQGTLVTVSS,8.303643611266669,-1.1725049018859863
EVQLVESGGGLVQPGGSLRLSCAASGFTFSRYTMSWVRQAPGKGLEWVATISGGGHTYYLDSVKGRFTISRDNSKNTLYLQMNSLRAEDTAVYYCTRGFSDGGYFDVWGQGTLVTVSS,8.563837352959244,-1.1734862327575684
EVQLVESGGGLVQPGGSLRLSCAASGFTFSRYTMVWVRQAPGKGLEWVAVISGGGHTYYLDSVKGRFTISRDNSKNTLYLQMNSLRAEDTAVYYCTRGFGDGGYFDVWGQGTLVTVSS,10.154901959985745,-1.1786854267120361
EVQLVESGGGLVQPGGSLRLSCAASGFTFSRYTMAWVRQAPGKGLEWVAVISGGGHTYYLDSVKGRFTISRDNSKNTLYLQMNSLRAEDTAVYYCTRGFGDGGYFDVWGQGTLVTVSS,9.67778070526608,-1.1747082471847534
EVQLVESGGGLVQPGGSLRLSCAASGFTFSRYTMAWVRQAPGKGLEWVATISGGGHTYYLDSVKGRFTISRDNSKNTLYLQMNSLRAEDTAVYYCTRGFGDSGYFDVWGQGTLVTVSS,9.309803919971486,-1.175250768661499
EVQLVESGGGLVQPGGSLRLSCAASGFTFSRYTMVWVRQAPGKGLEWVATISGGGHTYYLDSVKGRFTISRDNSKNTLYLQMNSLRAEDTAVYYCTRGFGDSGYFDVWGQGTLVTVSS,9.200659450546418,-1.1798956394195557
EVQLVESGGGLVQPGGSLRLSCAASGFTFSRYTMSWVRQAPGKGLEWVAVISGGGHTYYLDSVKGRFTISRDNSKNTLYLQMNSLRAEDTAVYYCTRGFGDSGYFDVWGQGTLVTVSS,9.3767507096021,-1.1727261543273926
EVQLVESGGGLVQPGGSLRLSCAASGFTFSRYTMSWVRQAPGKGLEWVATISNGGHTYYLDSVKGRFTISRDNSKNTLYLQMNSLRAEDTAVYYCTRGFGDGGYFDVWGQGTLVTVSS,9.075720713938118,-1.167732834815979
EVQLVESGGGLVQPGGSLRLSCAASGFTFSRYTMSWVRQAPGKGLEWVATISGYGHTYYLDSVKGRFTISRDNSKNTLYLQMNSLRAEDTAVYYCTRGFGDGGYFDVWGQGTLVTVSS,8.154901959985743,-1.1888103485107422
EVQLVESGGGLVQPGGSLRLSCAASGFTFSRYTMSWVRQAPGKGLEWVATISGGGHTYYLDSVKGRFTISRDNSKNTLYLQMNSLRAEDTAVYYCTRGWGDGGYFDVWGQGTLVTVSS,8.154901959985743,-1.1750290393829346
EVQLVESGGGLVQPGGSLRLSCAASGFTFSRYTMSWVRQAPGKGLEWVATISGGGHTYYLDSVKGRFTISRDNSKNTLYLQMNSLRAEDTAVYYCTRGYGDGGYFDVWGQGTLVTVSS,8.707743928643524,-1.1710582971572876
EVQLVESGGGLVQPGGSLRLSCAASGFTFSRYEMSWVRQAPGKGLEWVATISQGGHTYYLDSVKGRFTISRDNSKNTLYLQMNSLRAEDTAVYYCTRGFGDGGYFDVWGQGTLVTVSS,9.3767507096021,-1.175471544265747
EVQLVESGGGLVQPGGSLRLSCAASGFTFSRYIMSWVRQAPGKGLEWVATITNNGHTYYLDSVKGRFTISRDNSKNTLYLQMNSLRAEDTAVYYCTRGFGDGGYFDVWGQGTLVTVSS,9.55284196865778,-1.1817792654037476
EVQLVESGGGLVQPGGSLRLSCAASGFTFSRYIMSWVRQAPGKGLEWVATITQFGHTYYLDSVKGRFTISRDNSKNTLYLQMNSLRAEDTAVYYCTRGFGDGGYFDVWGQGTLVTVSS,9.075720713938118,-1.2061182260513306
EVQLVESGGGLVQPGGSLRLSCAASGFTFSRYTMSWVRQAPGKGLEWVAVISGGGHTYYLDSVEGRFTISRDNSKNTLYLQMNSLRAEDTAVYYCTRGFGDGGYFDVWGQGTLVTVSS,8.154901959985743,-1.1855332851409912
