mut_heavy_chain_seq,binding_score,mutations,log-likelihood
EVQLVESGGGLVQPGGSLRLSCAASGFTFSQYTMSWVRQAPGKGLEWVATISGGGHTYYLDSVKGRFTISRDNSKNTLYLQMNSLRAEDTAVYYCTRGFGDGGYFDVWGQGTLVTVSS,9.113509274827518,R31Q,-15.149967334227513
EVQLVESGGGLVQPGGSLRLSCAASGFTFSRYTMQWVRQAPGKGLEWVATISGGGHTYYLDSVKGRFTISRDNSKNTLYLQMNSLRAEDTAVYYCTRGFGDGGYFDVWGQGTLVTVSS,10.154901959985745,S35Q,-15.118361641163027
EVQLVESGGGLVQPGGSLRLSCAASGFTFSRYTMSWVRQAPGKGLEWVAVISGGGHTYYLDSVKGRFTISRDNSKNTLYLQMNSLRAEDTAVYYCTRGFGDGGYFDVWGQGTLVTVSS,8.154901959985743,T50V,-15.12765118028687
EVQLVESGGGLVQPGGSLRLSCAASGFTFSRYTMSWVRQAPGKGLEWVATISGGGHTYELDSVKGRFTISRDNSKNTLYLQMNSLRAEDTAVYYCTRGFGDGGYFDVWGQGTLVTVSS,8.55284196865778,Y59E,-15.106588417831624
EVQLVESGGGLVQPGGSLRLSCAASGFTFSRYTMSWVRQAPGKGLEWVATISGGGHTYYDDSVKGRFTISRDNSKNTLYLQMNSLRAEDTAVYYCTRGFGDGGYFDVWGQGTLVTVSS,8.154901959985743,L60D,-15.124181942683164
EVQLVESGGGLVQPGGSLRLSCAASGFTFSRYTMSWVRQAPGKGLEWVATISGGGHTYYLDSVEGRFTISRDNSKNTLYLQMNSLRAEDTAVYYCTRGFGDGGYFDVWGQGTLVTVSS,8.154901959985743,K64E,-15.105106701702873
EVQLVESGGGLVQPGGSLRLSCAASGFTFSRYTMSWVRQAPGKGLEWVATISGGGHTYYLDSVQGRFTISRDNSKNTLYLQMNSLRAEDTAVYYCTRGFGDGGYFDVWGQGTLVTVSS,8.154901959985743,K64Q,-15.109350447145172
EVQLVESGGGLVQPGGSLRLSCAASGFTFSRYTMSWVRQAPGKGLEWVATISGGGHTYYLDSVDGRFTISRDNSKNTLYLQMNSLRAEDTAVYYCTRGFGDGGYFDVWGQGTLVTVSS,7.993533957750769,K64D,-15.091572684522676
EVQLVESGGGLVQPGGSLRLSCAASGFTFSRYTMSWVRQAPGKGLEWVATISGGGHTYYLDSVNGRFTISRDNSKNTLYLQMNSLRAEDTAVYYCTRGFGDGGYFDVWGQGTLVTVSS,8.154901959985743,K64N,-15.107010151595576
EVQLVESGGGLVQPGGSLRLSCAASGFTFSRYTMSWVRQAPGKGLEWVATIMGGGHTYYLDSVKGRFTISRDNSKNTLYLQMNSLRAEDTAVYYCTRGFGDGGYFDVWGQGTLVTVSS,9.67778070526608,S52M,-15.130770199864788
EVQLVESGGGLVQPGGSLRLSCAASGFTFSRYTMSWVRQAPGKGLEWVATISSGGHTYYLDSVKGRFTISRDNSKNTLYLQMNSLRAEDTAVYYCTRGFGDGGYFDVWGQGTLVTVSS,8.649751981665837,G53S,-15.148249677479168
EVQLVESGGGLVQPGGSLRLSCAASGFTFSRYTMSWVRQAPGKGLEWVATISAGGHTYYLDSVKGRFTISRDNSKNTLYLQMNSLRAEDTAVYYCTRGFGDGGYFDVWGQGTLVTVSS,8.531652669587842,G53A,-15.140320229577808
EVQLVESGGGLVQPGGSLRLSCAASGFTFSRYTMSWVRQAPGKGLEWVATISGIGHTYYLDSVKGRFTISRDNSKNTLYLQMNSLRAEDTAVYYCTRGFGDGGYFDVWGQGTLVTVSS,9.154901959985745,G54I,-15.122042324089287
EVQLVESGGGLVQPGGSLRLSCAASGFTFSRYTMSWVRQAPGKGLEWVATISGTGHTYYLDSVKGRFTISRDNSKNTLYLQMNSLRAEDTAVYYCTRGFGDGGYFDVWGQGTLVTVSS,9.008773924307503,G54T,-15.128815997915364
EVQLVESGGGLVQPGGSLRLSCAASGFTFSRYTMSWVRQAPGKGLEWVATISGGGHTQYLDSVKGRFTISRDNSKNTLYLQMNSLRAEDTAVYYCTRGFGDGGYFDVWGQGTLVTVSS,9.67778070526608,Y58Q,-15.150622708424581
EVQLVESGGGLVQPGGSLRLSCAASGFTFSRYTMSWVRQAPGKGLEWVATISGGGHTEYLDSVKGRFTISRDNSKNTLYLQMNSLRAEDTAVYYCTRGFGDGGYFDVWGQGTLVTVSS,9.67778070526608,Y58E,-15.143168426307717
EVQLVESGGGLVQPGGSLRLSCAASGFTFSRYTMSWVRQAPGKGLEWVATISGGGHTWYLDSVKGRFTISRDNSKNTLYLQMNSLRAEDTAVYYCTRGFGDGGYFDVWGQGTLVTVSS,8.756961951313706,Y58W,-15.153945593058323
EVQLVESGGGLVQPGGSLRLSCAASGFTFSRYTMSWVRQAPGKGLEWVATISGGGHTYYLDSVKGRFTISRDNSKNTLYLQMNSLRAEDTAVYYCTRGFMDGGYFDVWGQGTLVTVSS,8.230622673923861,G100M,-15.134404492011882
EVQLVESGGGLVQPGGSLRLSCAASGFTFSRYVMSWVRQAPGKGLEWVATISGGGHTYYLDSVKGRFTISRDNSKNTLYLQMNSLRAEDTAVYYCTRGFGDGGYFDVWGQGTLVTVSS,8.473660722610155,T33V,-15.135059911975791
EVQLVESGGGLVQPGGSLRLSCAASGFTFSRYNMSWVRQAPGKGLEWVATISGGGHTYYLDSVKGRFTISRDNSKNTLYLQMNSLRAEDTAVYYCTRGFGDGGYFDVWGQGTLVTVSS,10.154901959985745,T33N,-15.125675146077874
EVQLVESGGGLVQPGGSLRLSCAASGFTFSRYTMAWVRQAPGKGLEWVATISGGGHTYYLDSVKGRFTISRDNSKNTLYLQMNSLRAEDTAVYYCTRGFGDGGYFDVWGQGTLVTVSS,9.309803919971486,S35A,-15.14151415738022
EVQLVESGGGLVQPGGSLRLSCAASGFTFSRYTMSWVRQAPGKGLEWVATISGGGHTYYLDSVKGRFTISRDNSKNTLYLQMNSLRAEDTAVYYCTRGWGDGGYFDVWGQGTLVTVSS,8.154901959985743,F99W,-15.140778147689781
EVQLVESGGGLVQPGGSLRLSCAASGFTFSRYTMSWVRQAPGKGLEWVATISGGGHTYYLDSVKGRFTISRDNSKNTLYLQMNSLRAEDTAVYYCTRGYGDGGYFDVWGQGTLVTVSS,8.707743928643524,F99Y,-15.143240632461678
EVQLVESGGGLVQPGGSLRLSCAASGFTFSRYTMSWVRQAPGKGLEWVATISGGGHTYYLDSVKGRFTISRDNSKNTLYLQMNSLRAEDTAVYYCTRGFLDGGYFDVWGQGTLVTVSS,10.154901959985745,G100L,-15.129888342161859
EVQLVESGGGLVQPGGSLRLSCAASGFTFSRYTMSWVRQAPGKGLEWVATISGGGHTYYLDSVKGRFTISRDNSKNTLYLQMNSLRAEDTAVYYCTRGFFDGGYFDVWGQGTLVTVSS,8.303643611266669,G100F,-15.121810392510348
EVQLVESGGGLVQPGGSLRLSCAASGFTFSRYTMSWVRQAPGKGLEWVATISGGGHTYYLDSVKGRFTISRDNSKNTLYLQMNSLRAEDTAVYYCTRGFSDGGYFDVWGQGTLVTVSS,8.563837352959244,G100S,-15.133601272807683
EVQLVESGGGLVQPGGSLRLSCAASGFTFSRYTMVWVRQAPGKGLEWVAVISGGGHTYYLDSVKGRFTISRDNSKNTLYLQMNSLRAEDTAVYYCTRGFGDGGYFDVWGQGTLVTVSS,10.154901959985745,S35V:T50V,-15.111896470242499
EVQLVESGGGLVQPGGSLRLSCAASGFTFSRYTMAWVRQAPGKGLEWVAVISGGGHTYYLDSVKGRFTISRDNSKNTLYLQMNSLRAEDTAVYYCTRGFGDGGYFDVWGQGTLVTVSS,9.67778070526608,S35A:T50V,-15.124527654842943
EVQLVESGGGLVQPGGSLRLSCAASGFTFSRYTMAWVRQAPGKGLEWVATISGGGHTYYLDSVKGRFTISRDNSKNTLYLQMNSLRAEDTAVYYCTRGFGDSGYFDVWGQGTLVTVSS,9.309803919971486,S35A:G102S,-15.134296608505528
EVQLVESGGGLVQPGGSLRLSCAASGFTFSRYTMVWVRQAPGKGLEWVATISGGGHTYYLDSVKGRFTISRDNSKNTLYLQMNSLRAEDTAVYYCTRGFGDSGYFDVWGQGTLVTVSS,9.200659450546418,S35V:G102S,-15.116181853991808
EVQLVESGGGLVQPGGSLRLSCAASGFTFSRYTMSWVRQAPGKGLEWVAVISGGGHTYYLDSVKGRFTISRDNSKNTLYLQMNSLRAEDTAVYYCTRGFGDSGYFDVWGQGTLVTVSS,9.3767507096021,T50V:G102S,-15.120504179693976
EVQLVESGGGLVQPGGSLRLSCAASGFTFSRYTMSWVRQAPGKGLEWVATISNGGHTYYLDSVKGRFTISRDNSKNTLYLQMNSLRAEDTAVYYCTRGFGDGGYFDVWGQGTLVTVSS,9.075720713938118,G53N,-15.142752486026332
EVQLVESGGGLVQPGGSLRLSCAASGFTFSRYTMSWVRQAPGKGLEWVATISGYGHTYYLDSVKGRFTISRDNSKNTLYLQMNSLRAEDTAVYYCTRGFGDGGYFDVWGQGTLVTVSS,8.154901959985743,G54Y,-15.120801788980653
EVQLVESGGGLVQPGGSLRLSCAASGFTFSRYTMSWVRQAPGKGLEWVATISGGGHTYYLDSVKGRFTISRDNSKNTLYLQMNSLRAEDTAVYYCTRGWGDGGYFDVWGQGTLVTVSS,8.154901959985743,F99W,-15.140778147689781
EVQLVESGGGLVQPGGSLRLSCAASGFTFSRYTMSWVRQAPGKGLEWVATISGGGHTYYLDSVKGRFTISRDNSKNTLYLQMNSLRAEDTAVYYCTRGYGDGGYFDVWGQGTLVTVSS,8.707743928643524,F99Y,-15.143240632461678
EVQLVESGGGLVQPGGSLRLSCAASGFTFSRYEMSWVRQAPGKGLEWVATISQGGHTYYLDSVKGRFTISRDNSKNTLYLQMNSLRAEDTAVYYCTRGFGDGGYFDVWGQGTLVTVSS,9.3767507096021,T33E:G53Q,-15.1344202003882
EVQLVESGGGLVQPGGSLRLSCAASGFTFSRYIMSWVRQAPGKGLEWVATITNNGHTYYLDSVKGRFTISRDNSKNTLYLQMNSLRAEDTAVYYCTRGFGDGGYFDVWGQGTLVTVSS,9.55284196865778,T33I:S52T:G53N:G54N,-15.135568422984337
EVQLVESGGGLVQPGGSLRLSCAASGFTFSRYIMSWVRQAPGKGLEWVATITQFGHTYYLDSVKGRFTISRDNSKNTLYLQMNSLRAEDTAVYYCTRGFGDGGYFDVWGQGTLVTVSS,9.075720713938118,T33I:S52T:G53Q:G54F,-15.136618943087104
EVQLVESGGGLVQPGGSLRLSCAASGFTFSRYTMSWVRQAPGKGLEWVAVISGGGHTYYLDSVEGRFTISRDNSKNTLYLQMNSLRAEDTAVYYCTRGFGDGGYFDVWGQGTLVTVSS,8.154901959985743,T50V:K64E,-15.092950033791842
