mut_heavy_chain_seq,binding_score,LC,Target,log-likelihood
EVQLVESGGGLVQPGGSLRLSCAASGFTFSQYTMSWVRQAPGKGLEWVATISGGGHTYYLDSVKGRFTISRDNSKNTLYLQMNSLRAEDTAVYYCTRGFGDGGYFDVWGQGTLVTVSS,9.113509274827518,IQLTQSPSSLSASVGDRVTITCSASSSVNHMFWYQQKPGKAPKPWIYLTSNLASGVPSRFSGSGSGTDYTLTISSLQPEDFATYYCQQWSGNPWTFGQGTKVEIKRT,TQLDIVIVLDGSNSIYPWESVIAFLNDLLKRMDIGPKQTQVGIVQYGENVTHEFNLNKYSSTEEVLVAANKIVQRGGRQTMTALGIDTARKEAFTEARGARRGVKKVMVIVTDGESHDNYRLKQVIQDCEDENIQRFSIAILGTEKFVEEIKSIASEPTEKHFFNVSDELALVTIVKALGERIF,-0.8920929357045145
EVQLVESGGGLVQPGGSLRLSCAASGFTFSRYTMQWVRQAPGKGLEWVATISGGGHTYYLDSVKGRFTISRDNSKNTLYLQMNSLRAEDTAVYYCTRGFGDGGYFDVWGQGTLVTVSS,10.154901959985745,IQLTQSPSSLSASVGDRVTITCSASSSVNHMFWYQQKPGKAPKPWIYLTSNLASGVPSRFSGSGSGTDYTLTISSLQPEDFATYYCQQWSGNPWTFGQGTKVEIKRT,TQLDIVIVLDGSNSIYPWESVIAFLNDLLKRMDIGPKQTQVGIVQYGENVTHEFNLNKYSSTEEVLVAANKIVQRGGRQTMTALGIDTARKEAFTEARGARRGVKKVMVIVTDGESHDNYRLKQVIQDCEDENIQRFSIAILGTEKFVEEIKSIASEPTEKHFFNVSDELALVTIVKALGERIF,-0.8935884013589845
EVQLVESGGGLVQPGGSLRLSCAASGFTFSRYTMSWVRQAPGKGLEWVAVISGGGHTYYLDSVKGRFTISRDNSKNTLYLQMNSLRAEDTAVYYCTRGFGDGGYFDVWGQGTLVTVSS,8.154901959985743,IQLTQSPSSLSASVGDRVTITCSASSSVNHMFWYQQKPGKAPKPWIYLTSNLASGVPSRFSGSGSGTDYTLTISSLQPEDFATYYCQQWSGNPWTFGQGTKVEIKRT,TQLDIVIVLDGSNSIYPWESVIAFLNDLLKRMDIGPKQTQVGIVQYGENVTHEFNLNKYSSTEEVLVAANKIVQRGGRQTMTALGIDTARKEAFTEARGARRGVKKVMVIVTDGESHDNYRLKQVIQDCEDENIQRFSIAILGTEKFVEEIKSIASEPTEKHFFNVSDELALVTIVKALGERIF,-0.8873618381202658
EVQLVESGGGLVQPGGSLRLSCAASGFTFSRYTMSWVRQAPGKGLEWVATISGGGHTYELDSVKGRFTISRDNSKNTLYLQMNSLRAEDTAVYYCTRGFGDGGYFDVWGQGTLVTVSS,8.55284196865778,IQLTQSPSSLSASVGDRVTITCSASSSVNHMFWYQQKPGKAPKPWIYLTSNLASGVPSRFSGSGSGTDYTLTISSLQPEDFATYYCQQWSGNPWTFGQGTKVEIKRT,TQLDIVIVLDGSNSIYPWESVIAFLNDLLKRMDIGPKQTQVGIVQYGENVTHEFNLNKYSSTEEVLVAANKIVQRGGRQTMTALGIDTARKEAFTEARGARRGVKKVMVIVTDGESHDNYRLKQVIQDCEDENIQRFSIAILGTEKFVEEIKSIASEPTEKHFFNVSDELALVTIVKALGERIF,-0.8904565260142161
EVQLVESGGGLVQPGGSLRLSCAASGFTFSRYTMSWVRQAPGKGLEWVATISGGGHTYYDDSVKGRFTISRDNSKNTLYLQMNSLRAEDTAVYYCTRGFGDGGYFDVWGQGTLVTVSS,8.154901959985743,IQLTQSPSSLSASVGDRVTITCSASSSVNHMFWYQQKPGKAPKPWIYLTSNLASGVPSRFSGSGSGTDYTLTISSLQPEDFATYYCQQWSGNPWTFGQGTKVEIKRT,TQLDIVIVLDGSNSIYPWESVIAFLNDLLKRMDIGPKQTQVGIVQYGENVTHEFNLNKYSSTEEVLVAANKIVQRGGRQTMTALGIDTARKEAFTEARGARRGVKKVMVIVTDGESHDNYRLKQVIQDCEDENIQRFSIAILGTEKFVEEIKSIASEPTEKHFFNVSDELALVTIVKALGERIF,-0.8953336699339755
EVQLVESGGGLVQPGGSLRLSCAASGFTFSRYTMSWVRQAPGKGLEWVATISGGGHTYYLDSVEGRFTISRDNSKNTLYLQMNSLRAEDTAVYYCTRGFGDGGYFDVWGQGTLVTVSS,8.154901959985743,IQLTQSPSSLSASVGDRVTITCSASSSVNHMFWYQQKPGKAPKPWIYLTSNLASGVPSRFSGSGSGTDYTLTISSLQPEDFATYYCQQWSGNPWTFGQGTKVEIKRT,TQLDIVIVLDGSNSIYPWESVIAFLNDLLKRMDIGPKQTQVGIVQYGENVTHEFNLNKYSSTEEVLVAANKIVQRGGRQTMTALGIDTARKEAFTEARGARRGVKKVMVIVTDGESHDNYRLKQVIQDCEDENIQRFSIAILGTEKFVEEIKSIASEPTEKHFFNVSDELALVTIVKALGERIF,-0.891332436316535
EVQLVESGGGLVQPGGSLRLSCAASGFTFSRYTMSWVRQAPGKGLEWVATISGGGHTYYLDSVQGRFTISRDNSKNTLYLQMNSLRAEDTAVYYCTRGFGDGGYFDVWGQGTLVTVSS,8.154901959985743,IQLTQSPSSLSASVGDRVTITCSASSSVNHMFWYQQKPGKAPKPWIYLTSNLASGVPSRFSGSGSGTDYTLTISSLQPEDFATYYCQQWSGNPWTFGQGTKVEIKRT,TQLDIVIVLDGSNSIYPWESVIAFLNDLLKRMDIGPKQTQVGIVQYGENVTHEFNLNKYSSTEEVLVAANKIVQRGGRQTMTALGIDTARKEAFTEARGARRGVKKVMVIVTDGESHDNYRLKQVIQDCEDENIQRFSIAILGTEKFVEEIKSIASEPTEKHFFNVSDELALVTIVKALGERIF,-0.891018426032113
EVQLVESGGGLVQPGGSLRLSCAASGFTFSRYTMSWVRQAPGKGLEWVATISGGGHTYYLDSVDGRFTISRDNSKNTLYLQMNSLRAEDTAVYYCTRGFGDGGYFDVWGQGTLVTVSS,7.993533957750769,IQLTQSPSSLSASVGDRVTITCSASSSVNHMFWYQQKPGKAPKPWIYLTSNLASGVPSRFSGSGSGTDYTLTISSLQPEDFATYYCQQWSGNPWTFGQGTKVEIKRT,TQLDIVIVLDGSNSIYPWESVIAFLNDLLKRMDIGPKQTQVGIVQYGENVTHEFNLNKYSSTEEVLVAANKIVQRGGRQTMTALGIDTARKEAFTEARGARRGVKKVMVIVTDGESHDNYRLKQVIQDCEDENIQRFSIAILGTEKFVEEIKSIASEPTEKHFFNVSDELALVTIVKALGERIF,-0.8883629609400311
EVQLVESGGGLVQPGGSLRLSCAASGFTFSRYTMSWVRQAPGKGLEWVATISGGGHTYYLDSVNGRFTISRDNSKNTLYLQMNSLRAEDTAVYYCTRGFGDGGYFDVWGQGTLVTVSS,8.154901959985743,IQLTQSPSSLSASVGDRVTITCSASSSVNHMFWYQQKPGKAPKPWIYLTSNLASGVPSRFSGSGSGTDYTLTISSLQPEDFATYYCQQWSGNPWTFGQGTKVEIKRT,TQLDIVIVLDGSNSIYPWESVIAFLNDLLKRMDIGPKQTQVGIVQYGENVTHEFNLNKYSSTEEVLVAANKIVQRGGRQTMTALGIDTARKEAFTEARGARRGVKKVMVIVTDGESHDNYRLKQVIQDCEDENIQRFSIAILGTEKFVEEIKSIASEPTEKHFFNVSDELALVTIVKALGERIF,-0.8872883144975583
EVQLVESGGGLVQPGGSLRLSCAASGFTFSRYTMSWVRQAPGKGLEWVATIMGGGHTYYLDSVKGRFTISRDNSKNTLYLQMNSLRAEDTAVYYCTRGFGDGGYFDVWGQGTLVTVSS,9.67778070526608,IQLTQSPSSLSASVGDRVTITCSASSSVNHMFWYQQKPGKAPKPWIYLTSNLASGVPSRFSGSGSGTDYTLTISSLQPEDFATYYCQQWSGNPWTFGQGTKVEIKRT,TQLDIVIVLDGSNSIYPWESVIAFLNDLLKRMDIGPKQTQVGIVQYGENVTHEFNLNKYSSTEEVLVAANKIVQRGGRQTMTALGIDTARKEAFTEARGARRGVKKVMVIVTDGESHDNYRLKQVIQDCEDENIQRFSIAILGTEKFVEEIKSIASEPTEKHFFNVSDELALVTIVKALGERIF,-0.8930192211856907
EVQLVESGGGLVQPGGSLRLSCAASGFTFSRYTMSWVRQAPGKGLEWVATISSGGHTYYLDSVKGRFTISRDNSKNTLYLQMNSLRAEDTAVYYCTRGFGDGGYFDVWGQGTLVTVSS,8.649751981665837,IQLTQSPSSLSASVGDRVTITCSASSSVNHMFWYQQKPGKAPKPWIYLTSNLASGVPSRFSGSGSGTDYTLTISSLQPEDFATYYCQQWSGNPWTFGQGTKVEIKRT,TQLDIVIVLDGSNSIYPWESVIAFLNDLLKRMDIGPKQTQVGIVQYGENVTHEFNLNKYSSTEEVLVAANKIVQRGGRQTMTALGIDTARKEAFTEARGARRGVKKVMVIVTDGESHDNYRLKQVIQDCEDENIQRFSIAILGTEKFVEEIKSIASEPTEKHFFNVSDELALVTIVKALGERIF,-0.8963034841161412
EVQLVESGGGLVQPGGSLRLSCAASGFTFSRYTMSWVRQAPGKGLEWVATISAGGHTYYLDSVKGRFTISRDNSKNTLYLQMNSLRAEDTAVYYCTRGFGDGGYFDVWGQGTLVTVSS,8.531652669587842,IQLTQSPSSLSASVGDRVTITCSASSSVNHMFWYQQKPGKAPKPWIYLTSNLASGVPSRFSGSGSGTDYTLTISSLQPEDFATYYCQQWSGNPWTFGQGTKVEIKRT,TQLDIVIVLDGSNSIYPWESVIAFLNDLLKRMDIGPKQTQVGIVQYGENVTHEFNLNKYSSTEEVLVAANKIVQRGGRQTMTALGIDTARKEAFTEARGARRGVKKVMVIVTDGESHDNYRLKQVIQDCEDENIQRFSIAILGTEKFVEEIKSIASEPTEKHFFNVSDELALVTIVKALGERIF,-0.8954198966372057
EVQLVESGGGLVQPGGSLRLSCAASGFTFSRYTMSWVRQAPGKGLEWVATISGIGHTYYLDSVKGRFTISRDNSKNTLYLQMNSLRAEDTAVYYCTRGFGDGGYFDVWGQGTLVTVSS,9.154901959985745,IQLTQSPSSLSASVGDRVTITCSASSSVNHMFWYQQKPGKAPKPWIYLTSNLASGVPSRFSGSGSGTDYTLTISSLQPEDFATYYCQQWSGNPWTFGQGTKVEIKRT,TQLDIVIVLDGSNSIYPWESVIAFLNDLLKRMDIGPKQTQVGIVQYGENVTHEFNLNKYSSTEEVLVAANKIVQRGGRQTMTALGIDTARKEAFTEARGARRGVKKVMVIVTDGESHDNYRLKQVIQDCEDENIQRFSIAILGTEKFVEEIKSIASEPTEKHFFNVSDELALVTIVKALGERIF,-0.8986446223629315
EVQLVESGGGLVQPGGSLRLSCAASGFTFSRYTMSWVRQAPGKGLEWVATISGTGHTYYLDSVKGRFTISRDNSKNTLYLQMNSLRAEDTAVYYCTRGFGDGGYFDVWGQGTLVTVSS,9.008773924307503,IQLTQSPSSLSASVGDRVTITCSASSSVNHMFWYQQKPGKAPKPWIYLTSNLASGVPSRFSGSGSGTDYTLTISSLQPEDFATYYCQQWSGNPWTFGQGTKVEIKRT,TQLDIVIVLDGSNSIYPWESVIAFLNDLLKRMDIGPKQTQVGIVQYGENVTHEFNLNKYSSTEEVLVAANKIVQRGGRQTMTALGIDTARKEAFTEARGARRGVKKVMVIVTDGESHDNYRLKQVIQDCEDENIQRFSIAILGTEKFVEEIKSIASEPTEKHFFNVSDELALVTIVKALGERIF,-0.8981899518455881
EVQLVESGGGLVQPGGSLRLSCAASGFTFSRYTMSWVRQAPGKGLEWVATISGGGHTQYLDSVKGRFTISRDNSKNTLYLQMNSLRAEDTAVYYCTRGFGDGGYFDVWGQGTLVTVSS,9.67778070526608,IQLTQSPSSLSASVGDRVTITCSASSSVNHMFWYQQKPGKAPKPWIYLTSNLASGVPSRFSGSGSGTDYTLTISSLQPEDFATYYCQQWSGNPWTFGQGTKVEIKRT,TQLDIVIVLDGSNSIYPWESVIAFLNDLLKRMDIGPKQTQVGIVQYGENVTHEFNLNKYSSTEEVLVAANKIVQRGGRQTMTALGIDTARKEAFTEARGARRGVKKVMVIVTDGESHDNYRLKQVIQDCEDENIQRFSIAILGTEKFVEEIKSIASEPTEKHFFNVSDELALVTIVKALGERIF,-0.8941747081399984
EVQLVESGGGLVQPGGSLRLSCAASGFTFSRYTMSWVRQAPGKGLEWVATISGGGHTEYLDSVKGRFTISRDNSKNTLYLQMNSLRAEDTAVYYCTRGFGDGGYFDVWGQGTLVTVSS,9.67778070526608,IQLTQSPSSLSASVGDRVTITCSASSSVNHMFWYQQKPGKAPKPWIYLTSNLASGVPSRFSGSGSGTDYTLTISSLQPEDFATYYCQQWSGNPWTFGQGTKVEIKRT,TQLDIVIVLDGSNSIYPWESVIAFLNDLLKRMDIGPKQTQVGIVQYGENVTHEFNLNKYSSTEEVLVAANKIVQRGGRQTMTALGIDTARKEAFTEARGARRGVKKVMVIVTDGESHDNYRLKQVIQDCEDENIQRFSIAILGTEKFVEEIKSIASEPTEKHFFNVSDELALVTIVKALGERIF,-0.8980471615959642
EVQLVESGGGLVQPGGSLRLSCAASGFTFSRYTMSWVRQAPGKGLEWVATISGGGHTWYLDSVKGRFTISRDNSKNTLYLQMNSLRAEDTAVYYCTRGFGDGGYFDVWGQGTLVTVSS,8.756961951313706,IQLTQSPSSLSASVGDRVTITCSASSSVNHMFWYQQKPGKAPKPWIYLTSNLASGVPSRFSGSGSGTDYTLTISSLQPEDFATYYCQQWSGNPWTFGQGTKVEIKRT,TQLDIVIVLDGSNSIYPWESVIAFLNDLLKRMDIGPKQTQVGIVQYGENVTHEFNLNKYSSTEEVLVAANKIVQRGGRQTMTALGIDTARKEAFTEARGARRGVKKVMVIVTDGESHDNYRLKQVIQDCEDENIQRFSIAILGTEKFVEEIKSIASEPTEKHFFNVSDELALVTIVKALGERIF,-0.8922501442940282
EVQLVESGGGLVQPGGSLRLSCAASGFTFSRYTMSWVRQAPGKGLEWVATISGGGHTYYLDSVKGRFTISRDNSKNTLYLQMNSLRAEDTAVYYCTRGFMDGGYFDVWGQGTLVTVSS,8.230622673923861,IQLTQSPSSLSASVGDRVTITCSASSSVNHMFWYQQKPGKAPKPWIYLTSNLASGVPSRFSGSGSGTDYTLTISSLQPEDFATYYCQQWSGNPWTFGQGTKVEIKRT,TQLDIVIVLDGSNSIYPWESVIAFLNDLLKRMDIGPKQTQVGIVQYGENVTHEFNLNKYSSTEEVLVAANKIVQRGGRQTMTALGIDTARKEAFTEARGARRGVKKVMVIVTDGESHDNYRLKQVIQDCEDENIQRFSIAILGTEKFVEEIKSIASEPTEKHFFNVSDELALVTIVKALGERIF,-0.8994229244555558
EVQLVESGGGLVQPGGSLRLSCAASGFTFSRYVMSWVRQAPGKGLEWVATISGGGHTYYLDSVKGRFTISRDNSKNTLYLQMNSLRAEDTAVYYCTRGFGDGGYFDVWGQGTLVTVSS,8.473660722610155,IQLTQSPSSLSASVGDRVTITCSASSSVNHMFWYQQKPGKAPKPWIYLTSNLASGVPSRFSGSGSGTDYTLTISSLQPEDFATYYCQQWSGNPWTFGQGTKVEIKRT,TQLDIVIVLDGSNSIYPWESVIAFLNDLLKRMDIGPKQTQVGIVQYGENVTHEFNLNKYSSTEEVLVAANKIVQRGGRQTMTALGIDTARKEAFTEARGARRGVKKVMVIVTDGESHDNYRLKQVIQDCEDENIQRFSIAILGTEKFVEEIKSIASEPTEKHFFNVSDELALVTIVKALGERIF,-0.8912836871950143
EVQLVESGGGLVQPGGSLRLSCAASGFTFSRYNMSWVRQAPGKGLEWVATISGGGHTYYLDSVKGRFTISRDNSKNTLYLQMNSLRAEDTAVYYCTRGFGDGGYFDVWGQGTLVTVSS,10.154901959985745,IQLTQSPSSLSASVGDRVTITCSASSSVNHMFWYQQKPGKAPKPWIYLTSNLASGVPSRFSGSGSGTDYTLTISSLQPEDFATYYCQQWSGNPWTFGQGTKVEIKRT,TQLDIVIVLDGSNSIYPWESVIAFLNDLLKRMDIGPKQTQVGIVQYGENVTHEFNLNKYSSTEEVLVAANKIVQRGGRQTMTALGIDTARKEAFTEARGARRGVKKVMVIVTDGESHDNYRLKQVIQDCEDENIQRFSIAILGTEKFVEEIKSIASEPTEKHFFNVSDELALVTIVKALGERIF,-0.8943029439445667
EVQLVESGGGLVQPGGSLRLSCAASGFTFSRYTMAWVRQAPGKGLEWVATISGGGHTYYLDSVKGRFTISRDNSKNTLYLQMNSLRAEDTAVYYCTRGFGDGGYFDVWGQGTLVTVSS,9.309803919971486,IQLTQSPSSLSASVGDRVTITCSASSSVNHMFWYQQKPGKAPKPWIYLTSNLASGVPSRFSGSGSGTDYTLTISSLQPEDFATYYCQQWSGNPWTFGQGTKVEIKRT,TQLDIVIVLDGSNSIYPWESVIAFLNDLLKRMDIGPKQTQVGIVQYGENVTHEFNLNKYSSTEEVLVAANKIVQRGGRQTMTALGIDTARKEAFTEARGARRGVKKVMVIVTDGESHDNYRLKQVIQDCEDENIQRFSIAILGTEKFVEEIKSIASEPTEKHFFNVSDELALVTIVKALGERIF,-0.8896256991477642
EVQLVESGGGLVQPGGSLRLSCAASGFTFSRYTMSWVRQAPGKGLEWVATISGGGHTYYLDSVKGRFTISRDNSKNTLYLQMNSLRAEDTAVYYCTRGWGDGGYFDVWGQGTLVTVSS,8.154901959985743,IQLTQSPSSLSASVGDRVTITCSASSSVNHMFWYQQKPGKAPKPWIYLTSNLASGVPSRFSGSGSGTDYTLTISSLQPEDFATYYCQQWSGNPWTFGQGTKVEIKRT,TQLDIVIVLDGSNSIYPWESVIAFLNDLLKRMDIGPKQTQVGIVQYGENVTHEFNLNKYSSTEEVLVAANKIVQRGGRQTMTALGIDTARKEAFTEARGARRGVKKVMVIVTDGESHDNYRLKQVIQDCEDENIQRFSIAILGTEKFVEEIKSIASEPTEKHFFNVSDELALVTIVKALGERIF,-0.8918028538431836
EVQLVESGGGLVQPGGSLRLSCAASGFTFSRYTMSWVRQAPGKGLEWVATISGGGHTYYLDSVKGRFTISRDNSKNTLYLQMNSLRAEDTAVYYCTRGYGDGGYFDVWGQGTLVTVSS,8.707743928643524,IQLTQSPSSLSASVGDRVTITCSASSSVNHMFWYQQKPGKAPKPWIYLTSNLASGVPSRFSGSGSGTDYTLTISSLQPEDFATYYCQQWSGNPWTFGQGTKVEIKRT,TQLDIVIVLDGSNSIYPWESVIAFLNDLLKRMDIGPKQTQVGIVQYGENVTHEFNLNKYSSTEEVLVAANKIVQRGGRQTMTALGIDTARKEAFTEARGARRGVKKVMVIVTDGESHDNYRLKQVIQDCEDENIQRFSIAILGTEKFVEEIKSIASEPTEKHFFNVSDELALVTIVKALGERIF,-0.8915436220580762
EVQLVESGGGLVQPGGSLRLSCAASGFTFSRYTMSWVRQAPGKGLEWVATISGGGHTYYLDSVKGRFTISRDNSKNTLYLQMNSLRAEDTAVYYCTRGFLDGGYFDVWGQGTLVTVSS,10.154901959985745,IQLTQSPSSLSASVGDRVTITCSASSSVNHMFWYQQKPGKAPKPWIYLTSNLASGVPSRFSGSGSGTDYTLTISSLQPEDFATYYCQQWSGNPWTFGQGTKVEIKRT,TQLDIVIVLDGSNSIYPWESVIAFLNDLLKRMDIGPKQTQVGIVQYGENVTHEFNLNKYSSTEEVLVAANKIVQRGGRQTMTALGIDTARKEAFTEARGARRGVKKVMVIVTDGESHDNYRLKQVIQDCEDENIQRFSIAILGTEKFVEEIKSIASEPTEKHFFNVSDELALVTIVKALGERIF,-0.8968031959002496
EVQLVESGGGLVQPGGSLRLSCAASGFTFSRYTMSWVRQAPGKGLEWVATISGGGHTYYLDSVKGRFTISRDNSKNTLYLQMNSLRAEDTAVYYCTRGFFDGGYFDVWGQGTLVTVSS,8.303643611266669,IQLTQSPSSLSASVGDRVTITCSASSSVNHMFWYQQKPGKAPKPWIYLTSNLASGVPSRFSGSGSGTDYTLTISSLQPEDFATYYCQQWSGNPWTFGQGTKVEIKRT,TQLDIVIVLDGSNSIYPWESVIAFLNDLLKRMDIGPKQTQVGIVQYGENVTHEFNLNKYSSTEEVLVAANKIVQRGGRQTMTALGIDTARKEAFTEARGARRGVKKVMVIVTDGESHDNYRLKQVIQDCEDENIQRFSIAILGTEKFVEEIKSIASEPTEKHFFNVSDELALVTIVKALGERIF,-0.899574781834059
EVQLVESGGGLVQPGGSLRLSCAASGFTFSRYTMSWVRQAPGKGLEWVATISGGGHTYYLDSVKGRFTISRDNSKNTLYLQMNSLRAEDTAVYYCTRGFSDGGYFDVWGQGTLVTVSS,8.563837352959244,IQLTQSPSSLSASVGDRVTITCSASSSVNHMFWYQQKPGKAPKPWIYLTSNLASGVPSRFSGSGSGTDYTLTISSLQPEDFATYYCQQWSGNPWTFGQGTKVEIKRT,TQLDIVIVLDGSNSIYPWESVIAFLNDLLKRMDIGPKQTQVGIVQYGENVTHEFNLNKYSSTEEVLVAANKIVQRGGRQTMTALGIDTARKEAFTEARGARRGVKKVMVIVTDGESHDNYRLKQVIQDCEDENIQRFSIAILGTEKFVEEIKSIASEPTEKHFFNVSDELALVTIVKALGERIF,-0.8942620270500702
EVQLVESGGGLVQPGGSLRLSCAASGFTFSRYTMVWVRQAPGKGLEWVAVISGGGHTYYLDSVKGRFTISRDNSKNTLYLQMNSLRAEDTAVYYCTRGFGDGGYFDVWGQGTLVTVSS,10.154901959985745,IQLTQSPSSLSASVGDRVTITCSASSSVNHMFWYQQKPGKAPKPWIYLTSNLASGVPSRFSGSGSGTDYTLTISSLQPEDFATYYCQQWSGNPWTFGQGTKVEIKRT,TQLDIVIVLDGSNSIYPWESVIAFLNDLLKRMDIGPKQTQVGIVQYGENVTHEFNLNKYSSTEEVLVAANKIVQRGGRQTMTALGIDTARKEAFTEARGARRGVKKVMVIVTDGESHDNYRLKQVIQDCEDENIQRFSIAILGTEKFVEEIKSIASEPTEKHFFNVSDELALVTIVKALGERIF,-0.8839520201870311
EVQLVESGGGLVQPGGSLRLSCAASGFTFSRYTMAWVRQAPGKGLEWVAVISGGGHTYYLDSVKGRFTISRDNSKNTLYLQMNSLRAEDTAVYYCTRGFGDGGYFDVWGQGTLVTVSS,9.67778070526608,IQLTQSPSSLSASVGDRVTITCSASSSVNHMFWYQQKPGKAPKPWIYLTSNLASGVPSRFSGSGSGTDYTLTISSLQPEDFATYYCQQWSGNPWTFGQGTKVEIKRT,TQLDIVIVLDGSNSIYPWESVIAFLNDLLKRMDIGPKQTQVGIVQYGENVTHEFNLNKYSSTEEVLVAANKIVQRGGRQTMTALGIDTARKEAFTEARGARRGVKKVMVIVTDGESHDNYRLKQVIQDCEDENIQRFSIAILGTEKFVEEIKSIASEPTEKHFFNVSDELALVTIVKALGERIF,-0.8857608395548934
EVQLVESGGGLVQPGGSLRLSCAASGFTFSRYTMAWVRQAPGKGLEWVATISGGGHTYYLDSVKGRFTISRDNSKNTLYLQMNSLRAEDTAVYYCTRGFGDSGYFDVWGQGTLVTVSS,9.309803919971486,IQLTQSPSSLSASVGDRVTITCSASSSVNHMFWYQQKPGKAPKPWIYLTSNLASGVPSRFSGSGSGTDYTLTISSLQPEDFATYYCQQWSGNPWTFGQGTKVEIKRT,TQLDIVIVLDGSNSIYPWESVIAFLNDLLKRMDIGPKQTQVGIVQYGENVTHEFNLNKYSSTEEVLVAANKIVQRGGRQTMTALGIDTARKEAFTEARGARRGVKKVMVIVTDGESHDNYRLKQVIQDCEDENIQRFSIAILGTEKFVEEIKSIASEPTEKHFFNVSDELALVTIVKALGERIF,-0.892920463220706
EVQLVESGGGLVQPGGSLRLSCAASGFTFSRYTMVWVRQAPGKGLEWVATISGGGHTYYLDSVKGRFTISRDNSKNTLYLQMNSLRAEDTAVYYCTRGFGDSGYFDVWGQGTLVTVSS,9.200659450546418,IQLTQSPSSLSASVGDRVTITCSASSSVNHMFWYQQKPGKAPKPWIYLTSNLASGVPSRFSGSGSGTDYTLTISSLQPEDFATYYCQQWSGNPWTFGQGTKVEIKRT,TQLDIVIVLDGSNSIYPWESVIAFLNDLLKRMDIGPKQTQVGIVQYGENVTHEFNLNKYSSTEEVLVAANKIVQRGGRQTMTALGIDTARKEAFTEARGARRGVKKVMVIVTDGESHDNYRLKQVIQDCEDENIQRFSIAILGTEKFVEEIKSIASEPTEKHFFNVSDELALVTIVKALGERIF,-0.8921756472957746
EVQLVESGGGLVQPGGSLRLSCAASGFTFSRYTMSWVRQAPGKGLEWVAVISGGGHTYYLDSVKGRFTISRDNSKNTLYLQMNSLRAEDTAVYYCTRGFGDSGYFDVWGQGTLVTVSS,9.3767507096021,IQLTQSPSSLSASVGDRVTITCSASSSVNHMFWYQQKPGKAPKPWIYLTSNLASGVPSRFSGSGSGTDYTLTISSLQPEDFATYYCQQWSGNPWTFGQGTKVEIKRT,TQLDIVIVLDGSNSIYPWESVIAFLNDLLKRMDIGPKQTQVGIVQYGENVTHEFNLNKYSSTEEVLVAANKIVQRGGRQTMTALGIDTARKEAFTEARGARRGVKKVMVIVTDGESHDNYRLKQVIQDCEDENIQRFSIAILGTEKFVEEIKSIASEPTEKHFFNVSDELALVTIVKALGERIF,-0.8903698029684263
EVQLVESGGGLVQPGGSLRLSCAASGFTFSRYTMSWVRQAPGKGLEWVATISNGGHTYYLDSVKGRFTISRDNSKNTLYLQMNSLRAEDTAVYYCTRGFGDGGYFDVWGQGTLVTVSS,9.075720713938118,IQLTQSPSSLSASVGDRVTITCSASSSVNHMFWYQQKPGKAPKPWIYLTSNLASGVPSRFSGSGSGTDYTLTISSLQPEDFATYYCQQWSGNPWTFGQGTKVEIKRT,TQLDIVIVLDGSNSIYPWESVIAFLNDLLKRMDIGPKQTQVGIVQYGENVTHEFNLNKYSSTEEVLVAANKIVQRGGRQTMTALGIDTARKEAFTEARGARRGVKKVMVIVTDGESHDNYRLKQVIQDCEDENIQRFSIAILGTEKFVEEIKSIASEPTEKHFFNVSDELALVTIVKALGERIF,-0.8995526080910108
EVQLVESGGGLVQPGGSLRLSCAASGFTFSRYTMSWVRQAPGKGLEWVATISGYGHTYYLDSVKGRFTISRDNSKNTLYLQMNSLRAEDTAVYYCTRGFGDGGYFDVWGQGTLVTVSS,8.154901959985743,IQLTQSPSSLSASVGDRVTITCSASSSVNHMFWYQQKPGKAPKPWIYLTSNLASGVPSRFSGSGSGTDYTLTISSLQPEDFATYYCQQWSGNPWTFGQGTKVEIKRT,TQLDIVIVLDGSNSIYPWESVIAFLNDLLKRMDIGPKQTQVGIVQYGENVTHEFNLNKYSSTEEVLVAANKIVQRGGRQTMTALGIDTARKEAFTEARGARRGVKKVMVIVTDGESHDNYRLKQVIQDCEDENIQRFSIAILGTEKFVEEIKSIASEPTEKHFFNVSDELALVTIVKALGERIF,-0.8994008745305914
EVQLVESGGGLVQPGGSLRLSCAASGFTFSRYTMSWVRQAPGKGLEWVATISGGGHTYYLDSVKGRFTISRDNSKNTLYLQMNSLRAEDTAVYYCTRGWGDGGYFDVWGQGTLVTVSS,8.154901959985743,IQLTQSPSSLSASVGDRVTITCSASSSVNHMFWYQQKPGKAPKPWIYLTSNLASGVPSRFSGSGSGTDYTLTISSLQPEDFATYYCQQWSGNPWTFGQGTKVEIKRT,TQLDIVIVLDGSNSIYPWESVIAFLNDLLKRMDIGPKQTQVGIVQYGENVTHEFNLNKYSSTEEVLVAANKIVQRGGRQTMTALGIDTARKEAFTEARGARRGVKKVMVIVTDGESHDNYRLKQVIQDCEDENIQRFSIAILGTEKFVEEIKSIASEPTEKHFFNVSDELALVTIVKALGERIF,-0.8918028538431836
EVQLVESGGGLVQPGGSLRLSCAASGFTFSRYTMSWVRQAPGKGLEWVATISGGGHTYYLDSVKGRFTISRDNSKNTLYLQMNSLRAEDTAVYYCTRGYGDGGYFDVWGQGTLVTVSS,8.707743928643524,IQLTQSPSSLSASVGDRVTITCSASSSVNHMFWYQQKPGKAPKPWIYLTSNLASGVPSRFSGSGSGTDYTLTISSLQPEDFATYYCQQWSGNPWTFGQGTKVEIKRT,TQLDIVIVLDGSNSIYPWESVIAFLNDLLKRMDIGPKQTQVGIVQYGENVTHEFNLNKYSSTEEVLVAANKIVQRGGRQTMTALGIDTARKEAFTEARGARRGVKKVMVIVTDGESHDNYRLKQVIQDCEDENIQRFSIAILGTEKFVEEIKSIASEPTEKHFFNVSDELALVTIVKALGERIF,-0.8915436220580762
EVQLVESGGGLVQPGGSLRLSCAASGFTFSRYEMSWVRQAPGKGLEWVATISQGGHTYYLDSVKGRFTISRDNSKNTLYLQMNSLRAEDTAVYYCTRGFGDGGYFDVWGQGTLVTVSS,9.3767507096021,IQLTQSPSSLSASVGDRVTITCSASSSVNHMFWYQQKPGKAPKPWIYLTSNLASGVPSRFSGSGSGTDYTLTISSLQPEDFATYYCQQWSGNPWTFGQGTKVEIKRT,TQLDIVIVLDGSNSIYPWESVIAFLNDLLKRMDIGPKQTQVGIVQYGENVTHEFNLNKYSSTEEVLVAANKIVQRGGRQTMTALGIDTARKEAFTEARGARRGVKKVMVIVTDGESHDNYRLKQVIQDCEDENIQRFSIAILGTEKFVEEIKSIASEPTEKHFFNVSDELALVTIVKALGERIF,-0.9052234802322239
EVQLVESGGGLVQPGGSLRLSCAASGFTFSRYIMSWVRQAPGKGLEWVATITNNGHTYYLDSVKGRFTISRDNSKNTLYLQMNSLRAEDTAVYYCTRGFGDGGYFDVWGQGTLVTVSS,9.55284196865778,IQLTQSPSSLSASVGDRVTITCSASSSVNHMFWYQQKPGKAPKPWIYLTSNLASGVPSRFSGSGSGTDYTLTISSLQPEDFATYYCQQWSGNPWTFGQGTKVEIKRT,TQLDIVIVLDGSNSIYPWESVIAFLNDLLKRMDIGPKQTQVGIVQYGENVTHEFNLNKYSSTEEVLVAANKIVQRGGRQTMTALGIDTARKEAFTEARGARRGVKKVMVIVTDGESHDNYRLKQVIQDCEDENIQRFSIAILGTEKFVEEIKSIASEPTEKHFFNVSDELALVTIVKALGERIF,-0.9039350833315721
EVQLVESGGGLVQPGGSLRLSCAASGFTFSRYIMSWVRQAPGKGLEWVATITQFGHTYYLDSVKGRFTISRDNSKNTLYLQMNSLRAEDTAVYYCTRGFGDGGYFDVWGQGTLVTVSS,9.075720713938118,IQLTQSPSSLSASVGDRVTITCSASSSVNHMFWYQQKPGKAPKPWIYLTSNLASGVPSRFSGSGSGTDYTLTISSLQPEDFATYYCQQWSGNPWTFGQGTKVEIKRT,TQLDIVIVLDGSNSIYPWESVIAFLNDLLKRMDIGPKQTQVGIVQYGENVTHEFNLNKYSSTEEVLVAANKIVQRGGRQTMTALGIDTARKEAFTEARGARRGVKKVMVIVTDGESHDNYRLKQVIQDCEDENIQRFSIAILGTEKFVEEIKSIASEPTEKHFFNVSDELALVTIVKALGERIF,-0.9076997693081575
EVQLVESGGGLVQPGGSLRLSCAASGFTFSRYTMSWVRQAPGKGLEWVAVISGGGHTYYLDSVEGRFTISRDNSKNTLYLQMNSLRAEDTAVYYCTRGFGDGGYFDVWGQGTLVTVSS,8.154901959985743,IQLTQSPSSLSASVGDRVTITCSASSSVNHMFWYQQKPGKAPKPWIYLTSNLASGVPSRFSGSGSGTDYTLTISSLQPEDFATYYCQQWSGNPWTFGQGTKVEIKRT,TQLDIVIVLDGSNSIYPWESVIAFLNDLLKRMDIGPKQTQVGIVQYGENVTHEFNLNKYSSTEEVLVAANKIVQRGGRQTMTALGIDTARKEAFTEARGARRGVKKVMVIVTDGESHDNYRLKQVIQDCEDENIQRFSIAILGTEKFVEEIKSIASEPTEKHFFNVSDELALVTIVKALGERIF,-0.8878903611128225
