mut_heavy_chain_seq,binding_score,log-likelihood (fixed backbone),log-likelihood
EVQLVESGGGLVQPGGSLRLSCAASGFTFSQYTMSWVRQAPGKGLEWVATISGGGHTYYLDSVKGRFTISRDNSKNTLYLQMNSLRAEDTAVYYCTRGFGDGGYFDVWGQGTLVTVSS,9.113509274827518,-0.24843689799308777,-0.6941729187965393
EVQLVESGGGLVQPGGSLRLSCAASGFTFSRYTMQWVRQAPGKGLEWVATISGGGHTYYLDSVKGRFTISRDNSKNTLYLQMNSLRAEDTAVYYCTRGFGDGGYFDVWGQGTLVTVSS,10.154901959985745,-0.0004090989532414824,-0.4170391857624054
EVQLVESGGGLVQPGGSLRLSCAASGFTFSRYTMSWVRQAPGKGLEWVAVISGGGHTYYLDSVKGRFTISRDNSKNTLYLQMNSLRAEDTAVYYCTRGFGDGGYFDVWGQGTLVTVSS,8.154901959985743,-0.051739249378442764,-2.9303970336914062
EVQLVESGGGLVQPGGSLRLSCAASGFTFSRYTMSWVRQAPGKGLEWVATISGGGHTYELDSVKGRFTISRDNSKNTLYLQMNSLRAEDTAVYYCTRGFGDGGYFDVWGQGTLVTVSS,8.55284196865778,-2.242121458053589,-2.930124282836914
EVQLVESGGGLVQPGGSLRLSCAASGFTFSRYTMSWVRQAPGKGLEWVATISGGGHTYYDDSVKGRFTISRDNSKNTLYLQMNSLRAEDTAVYYCTRGFGDGGYFDVWGQGTLVTVSS,8.154901959985743,-0.2492244839668274,-1.3183441162109375
EVQLVESGGGLVQPGGSLRLSCAASGFTFSRYTMSWVRQAPGKGLEWVATISGGGHTYYLDSVEGRFTISRDNSKNTLYLQMNSLRAEDTAVYYCTRGFGDGGYFDVWGQGTLVTVSS,8.154901959985743,-0.15036523342132568,-0.19992515444755554
EVQLVESGGGLVQPGGSLRLSCAASGFTFSRYTMSWVRQAPGKGLEWVATISGGGHTYYLDSVQGRFTISRDNSKNTLYLQMNSLRAEDTAVYYCTRGFGDGGYFDVWGQGTLVTVSS,8.154901959985743,-1.5418665409088135,-0.5125226378440857
EVQLVESGGGLVQPGGSLRLSCAASGFTFSRYTMSWVRQAPGKGLEWVATISGGGHTYYLDSVDGRFTISRDNSKNTLYLQMNSLRAEDTAVYYCTRGFGDGGYFDVWGQGTLVTVSS,7.993533957750769,-1.225812315940857,-0.23897981643676758
EVQLVESGGGLVQPGGSLRLSCAASGFTFSRYTMSWVRQAPGKGLEWVATISGGGHTYYLDSVNGRFTISRDNSKNTLYLQMNSLRAEDTAVYYCTRGFGDGGYFDVWGQGTLVTVSS,8.154901959985743,-0.565748929977417,-0.8986948132514954
EVQLVESGGGLVQPGGSLRLSCAASGFTFSRYTMSWVRQAPGKGLEWVATIMGGGHTYYLDSVKGRFTISRDNSKNTLYLQMNSLRAEDTAVYYCTRGFGDGGYFDVWGQGTLVTVSS,9.67778070526608,-0.829420268535614,-1.7038002014160156
EVQLVESGGGLVQPGGSLRLSCAASGFTFSRYTMSWVRQAPGKGLEWVATISSGGHTYYLDSVKGRFTISRDNSKNTLYLQMNSLRAEDTAVYYCTRGFGDGGYFDVWGQGTLVTVSS,8.649751981665837,-2.46920108795166,-0.659024715423584
EVQLVESGGGLVQPGGSLRLSCAASGFTFSRYTMSWVRQAPGKGLEWVATISAGGHTYYLDSVKGRFTISRDNSKNTLYLQMNSLRAEDTAVYYCTRGFGDGGYFDVWGQGTLVTVSS,8.531652669587842,-1.92197585105896,-1.495506763458252
EVQLVESGGGLVQPGGSLRLSCAASGFTFSRYTMSWVRQAPGKGLEWVATISGIGHTYYLDSVKGRFTISRDNSKNTLYLQMNSLRAEDTAVYYCTRGFGDGGYFDVWGQGTLVTVSS,9.154901959985745,-1.2883833646774292,-0.40240296721458435
EVQLVESGGGLVQPGGSLRLSCAASGFTFSRYTMSWVRQAPGKGLEWVATISGTGHTYYLDSVKGRFTISRDNSKNTLYLQMNSLRAEDTAVYYCTRGFGDGGYFDVWGQGTLVTVSS,9.008773924307503,-2.978452205657959,-1.63104248046875
EVQLVESGGGLVQPGGSLRLSCAASGFTFSRYTMSWVRQAPGKGLEWVATISGGGHTQYLDSVKGRFTISRDNSKNTLYLQMNSLRAEDTAVYYCTRGFGDGGYFDVWGQGTLVTVSS,9.67778070526608,-0.591308057308197,-0.22326861321926117
EVQLVESGGGLVQPGGSLRLSCAASGFTFSRYTMSWVRQAPGKGLEWVATISGGGHTEYLDSVKGRFTISRDNSKNTLYLQMNSLRAEDTAVYYCTRGFGDGGYFDVWGQGTLVTVSS,9.67778070526608,-0.8008309006690979,-2.9306745529174805
EVQLVESGGGLVQPGGSLRLSCAASGFTFSRYTMSWVRQAPGKGLEWVATISGGGHTWYLDSVKGRFTISRDNSKNTLYLQMNSLRAEDTAVYYCTRGFGDGGYFDVWGQGTLVTVSS,8.756961951313706,-2.9447178840637207,-0.41283753514289856
EVQLVESGGGLVQPGGSLRLSCAASGFTFSRYTMSWVRQAPGKGLEWVATISGGGHTYYLDSVKGRFTISRDNSKNTLYLQMNSLRAEDTAVYYCTRGFMDGGYFDVWGQGTLVTVSS,8.230622673923861,-1.122240662574768,-0.11119847744703293
EVQLVESGGGLVQPGGSLRLSCAASGFTFSRYVMSWVRQAPGKGLEWVATISGGGHTYYLDSVKGRFTISRDNSKNTLYLQMNSLRAEDTAVYYCTRGFGDGGYFDVWGQGTLVTVSS,8.473660722610155,-1.4656176567077637,-0.0923677608370781
EVQLVESGGGLVQPGGSLRLSCAASGFTFSRYNMSWVRQAPGKGLEWVATISGGGHTYYLDSVKGRFTISRDNSKNTLYLQMNSLRAEDTAVYYCTRGFGDGGYFDVWGQGTLVTVSS,10.154901959985745,-2.9698736667633057,-1.4371429681777954
EVQLVESGGGLVQPGGSLRLSCAASGFTFSRYTMAWVRQAPGKGLEWVATISGGGHTYYLDSVKGRFTISRDNSKNTLYLQMNSLRAEDTAVYYCTRGFGDGGYFDVWGQGTLVTVSS,9.309803919971486,-0.3384978473186493,-1.4999520778656006
EVQLVESGGGLVQPGGSLRLSCAASGFTFSRYTMSWVRQAPGKGLEWVATISGGGHTYYLDSVKGRFTISRDNSKNTLYLQMNSLRAEDTAVYYCTRGWGDGGYFDVWGQGTLVTVSS,8.154901959985743,-0.7345751523971558,-2.8545169830322266
EVQLVESGGGLVQPGGSLRLSCAASGFTFSRYTMSWVRQAPGKGLEWVATISGGGHTYYLDSVKGRFTISRDNSKNTLYLQMNSLRAEDTAVYYCTRGYGDGGYFDVWGQGTLVTVSS,8.707743928643524,-0.33605238795280457,-0.837630569934845
EVQLVESGGGLVQPGGSLRLSCAASGFTFSRYTMSWVRQAPGKGLEWVATISGGGHTYYLDSVKGRFTISRDNSKNTLYLQMNSLRAEDTAVYYCTRGFLDGGYFDVWGQGTLVTVSS,10.154901959985745,-0.6328806281089783,-0.9101481437683105
EVQLVESGGGLVQPGGSLRLSCAASGFTFSRYTMSWVRQAPGKGLEWVATISGGGHTYYLDSVKGRFTISRDNSKNTLYLQMNSLRAEDTAVYYCTRGFFDGGYFDVWGQGTLVTVSS,8.303643611266669,-0.0004260178538970649,-0.8930147886276245
EVQLVESGGGLVQPGGSLRLSCAASGFTFSRYTMSWVRQAPGKGLEWVATISGGGHTYYLDSVKGRFTISRDNSKNTLYLQMNSLRAEDTAVYYCTRGFSDGGYFDVWGQGTLVTVSS,8.563837352959244,-0.4747909605503082,-0.015176896937191486
EVQLVESGGGLVQPGGSLRLSCAASGFTFSRYTMVWVRQAPGKGLEWVAVISGGGHTYYLDSVKGRFTISRDNSKNTLYLQMNSLRAEDTAVYYCTRGFGDGGYFDVWGQGTLVTVSS,10.154901959985745,-2.0004117488861084,-0.3764112591743469
EVQLVESGGGLVQPGGSLRLSCAASGFTFSRYTMAWVRQAPGKGLEWVAVISGGGHTYYLDSVKGRFTISRDNSKNTLYLQMNSLRAEDTAVYYCTRGFGDGGYFDVWGQGTLVTVSS,9.67778070526608,-2.9784390926361084,-2.995729923248291
EVQLVESGGGLVQPGGSLRLSCAASGFTFSRYTMAWVRQAPGKGLEWVATISGGGHTYYLDSVKGRFTISRDNSKNTLYLQMNSLRAEDTAVYYCTRGFGDSGYFDVWGQGTLVTVSS,9.309803919971486,-1.1721360683441162,-2.5034573078155518
EVQLVESGGGLVQPGGSLRLSCAASGFTFSRYTMVWVRQAPGKGLEWVATISGGGHTYYLDSVKGRFTISRDNSKNTLYLQMNSLRAEDTAVYYCTRGFGDSGYFDVWGQGTLVTVSS,9.200659450546418,-0.27992141246795654,-0.01535031944513321
EVQLVESGGGLVQPGGSLRLSCAASGFTFSRYTMSWVRQAPGKGLEWVAVISGGGHTYYLDSVKGRFTISRDNSKNTLYLQMNSLRAEDTAVYYCTRGFGDSGYFDVWGQGTLVTVSS,9.3767507096021,-2.393908739089966,-1.8420462608337402
EVQLVESGGGLVQPGGSLRLSCAASGFTFSRYTMSWVRQAPGKGLEWVATISNGGHTYYLDSVKGRFTISRDNSKNTLYLQMNSLRAEDTAVYYCTRGFGDGGYFDVWGQGTLVTVSS,9.075720713938118,-1.23305344581604,-1.912665843963623
EVQLVESGGGLVQPGGSLRLSCAASGFTFSRYTMSWVRQAPGKGLEWVATISGYGHTYYLDSVKGRFTISRDNSKNTLYLQMNSLRAEDTAVYYCTRGFGDGGYFDVWGQGTLVTVSS,8.154901959985743,-0.7650268077850342,-0.7124038338661194
EVQLVESGGGLVQPGGSLRLSCAASGFTFSRYTMSWVRQAPGKGLEWVATISGGGHTYYLDSVKGRFTISRDNSKNTLYLQMNSLRAEDTAVYYCTRGWGDGGYFDVWGQGTLVTVSS,8.154901959985743,-1.5397138595581055,-0.46743038296699524
EVQLVESGGGLVQPGGSLRLSCAASGFTFSRYTMSWVRQAPGKGLEWVATISGGGHTYYLDSVKGRFTISRDNSKNTLYLQMNSLRAEDTAVYYCTRGYGDGGYFDVWGQGTLVTVSS,8.707743928643524,-2.7642502784729004,-0.8025823831558228
EVQLVESGGGLVQPGGSLRLSCAASGFTFSRYEMSWVRQAPGKGLEWVATISQGGHTYYLDSVKGRFTISRDNSKNTLYLQMNSLRAEDTAVYYCTRGFGDGGYFDVWGQGTLVTVSS,9.3767507096021,-2.995321273803711,-2.995607852935791
EVQLVESGGGLVQPGGSLRLSCAASGFTFSRYIMSWVRQAPGKGLEWVATITNNGHTYYLDSVKGRFTISRDNSKNTLYLQMNSLRAEDTAVYYCTRGFGDGGYFDVWGQGTLVTVSS,9.55284196865778,-0.4877369701862335,-2.684112310409546
EVQLVESGGGLVQPGGSLRLSCAASGFTFSRYIMSWVRQAPGKGLEWVATITQFGHTYYLDSVKGRFTISRDNSKNTLYLQMNSLRAEDTAVYYCTRGFGDGGYFDVWGQGTLVTVSS,9.075720713938118,-0.055410176515579224,-0.5042052268981934
EVQLVESGGGLVQPGGSLRLSCAASGFTFSRYTMSWVRQAPGKGLEWVAVISGGGHTYYLDSVEGRFTISRDNSKNTLYLQMNSLRAEDTAVYYCTRGFGDGGYFDVWGQGTLVTVSS,8.154901959985743,-1.118916630744934,-2.909445285797119
